index,place,age,age_class,age_class2,x,y,distance,x_axis,Whether_job,title,r,,
3,Chengdu,20,1,1,197.5652461,210.714813,189.4692713,0.007294862,no,,0.85,,183.7851932
4,Yaan,20,1,1,179.0207226,221.6468255,210.329576,0.010868707,no,,0.85,,204.0196887
5,Meishan,20,1,1,193.1413268,221.2806529,198.1739287,0.011589244,no,,0.85,,192.2287109
6,Qingshen,20,1,1,192.6873115,226.6176621,201.1791171,0.012359149,no,,0.85,,195.1437436
7,Meishan,20,1,1,193.1413268,221.2806529,198.1739287,0.014105202,no,,0.85,,192.2287109
8,Chengdu,20,1,1,197.5652461,210.714813,189.4692713,0.014960639,no,,0.85,,183.7851932
9,Jiange,20,1,1,219.2636977,184.5017078,164.4232172,0.016212373,no,,0.85,,159.4905207
10,Mei,20,1,1,263.1668514,132.1736632,107.8863331,0.017503712,no,,0.85,,104.6497431
11,Fufeng,20,1,1,265.645964,130.0414982,105.1905218,0.019087728,no,,0.85,,102.0348061
12,Xian,20,1,1,282.732921,131.0543564,88.33164182,0.019507011,no,,0.85,,85.68169257
13,Lintong,20,1,1,287.1904993,130.5763362,83.84985026,0.02615463,no,,0.85,,81.33435475
14,Lingbao,20,1,1,314.7811024,127.2233795,56.05878988,0.026716567,no,,0.85,,54.37702618
15,Mianchi,20,1,1,328.8119423,121.4989779,41.54540827,0.026947492,no,,0.85,,40.29904602
16,Kaifeng,20,1,1,370.3112857,119.5431015,0,0.032532286,no,,0.85,,0
17,Meishan,21,1,1,193.1413268,221.2806529,198.1739287,0.033731695,no,,0.85,,192.2287109
18,Chengdu,23,1,1,197.5652461,210.714813,189.4692713,0.035154875,no,,0.85,,183.7851932
19,Meishan,23,1,1,193.1413268,221.2806529,198.1739287,0.037902839,no,,0.85,,192.2287109
20,Qingshen,23,1,1,192.6873115,226.6176621,201.1791171,0.040188631,no,,0.85,,195.1437436
21,Meishan,23,1,1,193.1413268,221.2806529,198.1739287,0.047253321,no,,0.85,,192.2287109
22,Leshan,23,1,1,190.8924489,232.5844118,205.6982302,0.050901942,no,,0.85,,199.5272833
23,Qianwei,23,1,1,193.6489975,240.2829374,207.5611251,0.05328893,no,,0.85,,201.3342913
24,Yibin,23,1,1,205.2261869,250.8528278,204.6109964,0.056172466,no,,0.85,,198.4726665
25,Luzhou,23,1,1,219.5218413,249.0314501,192.7951291,0.056418485,no,,0.85,,187.0112753
26,Jiangan,23,1,1,212.715807,251.8755975,199.6132368,0.057551646,no,,0.85,,193.6248397
27,Hejiang,23,1,1,226.3231788,250.6796211,188.9119805,0.059886056,no,,0.85,,183.2446211
28,Chongqing,23,1,1,239.6691347,234.8676901,174.2616778,0.062640034,no,,0.85,,169.0338275
29,Fuling,23,1,1,254.4381045,232.2507693,161.6465666,0.066002901,no,,0.85,,156.7971696
30,Fengdou,23,1,1,260.5577878,228.9069768,154.9396253,0.066246116,no,,0.85,,150.2914365
31,Zhong,23,1,1,266.129313,219.653132,144.484953,0.066474832,no,,0.85,,140.1504044
32,Wanzhou,23,1,1,272.7351295,208.528359,132.0586321,0.067944692,no,,0.85,,128.0968731
33,Fengjie,23,1,1,290.929535,204.1859544,116.0425563,0.073377699,no,,0.85,,112.5612796
34,Wushan,23,1,1,298.0305736,202.9701013,110.3837199,0.075669719,no,,0.85,,107.0722083
35,Badong,23,1,1,305.9744655,203.6836377,105.9191024,0.076000252,no,,0.85,,102.7415293
36,Zigui,23,1,1,316.9331567,208.2549668,103.5326986,0.076125227,no,,0.85,,100.4267176
37,Yichang,23,1,1,322.285137,211.1849285,103.4636913,0.079957435,no,,0.85,,100.3597806
38,Shashi,23,1,1,339.1876722,219.1226267,104.3300587,0.081502382,no,,0.85,,101.2001569
39,Jingmen,24,2,1,337.8585251,203.3582291,89.87856962,0.082745831,no,,0.85,,87.18221253
40,Zhongxiang,24,2,1,344.5570926,200.2942005,84.75858921,0.08529619,no,,0.85,,82.21583153
41,Yicheng,24,2,1,338.5595786,188.3412181,75.77170809,0.086608155,no,,0.85,,73.49855685
42,Xiangyang,24,2,1,336.1092294,182.0788752,71.27765176,0.091152704,no,,0.85,,69.13932221
43,Tanghe,24,2,1,347.2738506,167.0579141,52.80512123,0.091560967,no,,0.85,,51.22096759
44,Ye,24,2,1,339.3306377,123.5625745,31.24030589,0.096890109,no,,0.85,,30.30309671
45,Xiangcheng,24,2,1,358.1217623,140.9041137,24.59425386,0.099776437,no,,0.85,,23.85642624
46,Xuchang,24,2,1,363.659711,136.6252268,18.33146068,0.100654848,no,,0.85,,17.78151686
47,Weishi,24,2,1,355.5482771,125.9873899,16.10823628,0.101730303,no,,0.85,,15.62498919
48,Kaifeng,24,2,1,370.3112857,119.5431015,0,0.104137024,no,,0.85,,0
49,Qi,25,2,1,358.6649896,128.2718973,14.55431506,0.104155414,no,,0.85,,14.11768561
50,Kaifeng,25,2,1,370.3112857,119.5431015,0,0.104198409,no,,0.85,,0
51,Zhengzhou,25,2,1,359.2987477,121.0485049,11.11495535,0.106900057,no,,0.85,,10.78150669
52,Mianchi,25,2,1,328.8119423,121.4989779,41.54540827,0.107217145,no,,0.85,,40.29904602
53,Xian,25,2,1,282.732921,131.0543564,88.33164182,0.110102359,no,,0.85,,85.68169257
54,Fengxiang,25,2,1,257.5421318,126.6091468,112.990314,0.113308007,yes,___,2.7,,109.6006046
55,Baoji,26,2,1,254.815414,130.0774922,115.9752981,0.114305198,no,,0.85,,112.4960392
56,Mei,26,2,1,263.1668514,132.1736632,107.8863331,0.11621499,no,,0.85,,104.6497431
57,Zhouzhi,26,2,1,270.8180072,134.836397,100.6617968,0.119859107,no,,0.85,,97.6419429
58,Mei,26,2,1,263.1668514,132.1736632,107.8863331,0.129951004,no,,0.85,,104.6497431
59,Fengxiang,26,2,1,257.5421318,126.6091468,112.990314,0.142568669,no,,0.85,,109.6006046
60,Mei,26,2,1,263.1668514,132.1736632,107.8863331,0.143047211,no,,0.85,,104.6497431
61,Baoji,26,2,1,254.815414,130.0774922,115.9752981,0.143687287,no,,0.85,,112.4960392
62,Fengxiang,26,2,1,257.5421318,126.6091468,112.990314,0.143789881,no,,0.85,,109.6006046
63,Mei,26,2,1,263.1668514,132.1736632,107.8863331,0.146526402,no,,0.85,,104.6497431
64,Fengxiang,26,2,1,257.5421318,126.6091468,112.990314,0.147783237,no,,0.85,,109.6006046
65,Xian,26,2,1,282.732921,131.0543564,88.33164182,0.147936191,no,,0.85,,85.68169257
66,Fengxiang,26,2,1,257.5421318,126.6091468,112.990314,0.148462848,no,,0.85,,109.6006046
67,Fufeng,26,2,1,265.645964,130.0414982,105.1905218,0.150995335,no,,0.85,,102.0348061
68,Fengxiang,27,2,1,257.5421318,126.6091468,112.990314,0.155350679,no,,0.85,,109.6006046
69,Xian,27,2,1,282.732921,131.0543564,88.33164182,0.156614917,no,,0.85,,85.68169257
70,Baoji,27,2,1,254.815414,130.0774922,115.9752981,0.159756425,no,,0.85,,112.4960392
71,Fengxiang,27,2,1,257.5421318,126.6091468,112.990314,0.16164749,no,,0.85,,109.6006046
72,Baoji,27,2,1,254.815414,130.0774922,115.9752981,0.16175837,no,,0.85,,112.4960392
73,Mei,27,2,1,263.1668514,132.1736632,107.8863331,0.162378536,no,,0.85,,104.6497431
74,Qishan,27,2,1,261.131108,128.47573,109.5449819,0.162706533,no,,0.85,,106.2586324
75,Fengxiang,27,2,1,257.5421318,126.6091468,112.990314,0.168905934,no,,0.85,,109.6006046
76,Zhouzhi,27,2,1,270.8180072,134.836397,100.6617968,0.171833655,no,,0.85,,97.6419429
77,Fengxiang,27,2,1,257.5421318,126.6091468,112.990314,0.172709156,no,,0.85,,109.6006046
78,Fufeng,27,2,1,265.645964,130.0414982,105.1905218,0.178336128,no,,0.85,,102.0348061
79,Fengxiang,27,2,1,257.5421318,126.6091468,112.990314,0.179071685,no,,0.85,,109.6006046
80,Zhouzhi,27,2,1,270.8180072,134.836397,100.6617968,0.180563778,no,,0.85,,97.6419429
81,Fengxiang,27,2,1,257.5421318,126.6091468,112.990314,0.182702054,no,,0.85,,109.6006046
82,Zhouzhi,28,2,1,270.8180072,134.836397,100.6617968,0.183223474,no,,0.85,,97.6419429
83,Mei,28,2,1,263.1668514,132.1736632,107.8863331,0.183587536,no,,0.85,,104.6497431
84,Zhouzhi,28,2,1,270.8180072,134.836397,100.6617968,0.185195713,no,,0.85,,
85,Fengxiang,28,2,1,257.5421318,126.6091468,112.990314,0.187264049,no,,0.85,,
86,Qishan,28,2,1,261.131108,128.47573,109.5449819,0.188432548,no,,0.85,,
87,Fengxiang,28,2,1,257.5421318,126.6091468,112.990314,0.193091645,no,,0.85,,
88,Zhouzhi,28,2,1,270.8180072,134.836397,100.6617968,0.206480536,no,,0.85,,
89,Fengxiang,28,2,1,257.5421318,126.6091468,112.990314,0.213182316,no,,0.85,,
90,Wugong,28,2,1,270.5549541,132.6433756,100.6128365,0.214702899,no,,0.85,,
91,Fengxiang,28,2,1,257.5421318,126.6091468,112.990314,0.220481384,no,,0.85,,
92,Xian,28,2,1,282.732921,131.0543564,88.33164182,0.220974717,no,,0.85,,
93,Lintong,28,2,1,287.1904993,130.5763362,83.84985026,0.221827711,no,,0.85,,
94,Weinan,29,2,1,292.0620354,127.6903992,78.6722545,0.227572586,no,,0.85,,
95,Huayin,29,2,1,301.6547237,126.2502926,68.98340311,0.232890801,no,,0.85,,
96,Shan,29,2,1,318.1611654,122.7036358,52.24580384,0.234483002,no,,0.85,,
97,Zhengzhou,29,2,1,359.2987477,121.0485049,11.11495535,0.235790933,no,,0.85,,
98,Kaifeng,29,2,1,370.3112857,119.5431015,0,0.237370952,yes,___,2.4,,
99,Xuyi,30,2,1,449.4296894,118.9386556,79.12071267,0.240341837,no,,0.85,,
100,Ezhou,30,2,1,384.9555294,215.7432262,97.30836478,0.24382674,no,,0.85,,
101,Shishou,30,2,1,342.5117096,231.9199904,115.7643364,0.24391629,no,,0.85,,
102,Shashi,30,2,1,339.1876722,219.1226267,104.3300587,0.246606543,no,,0.85,,
103,Yichang,30,2,1,322.285137,211.1849285,103.4636913,0.249074465,no,,0.85,,
104,Yunyang,31,2,1,277.6592401,205.9177532,126.6687886,0.249605794,no,,0.85,,
105,Fengdou,31,2,1,260.5577878,228.9069768,154.9396253,0.249942855,no,,0.85,,
106,Chongqing,31,2,1,239.6691347,234.8676901,174.2616778,0.250551455,no,,0.85,,
107,Meishan,31,2,1,193.1413268,221.2806529,198.1739287,0.251925482,no,,0.85,,
108,Pengshan,31,2,1,193.9097193,219.3685193,196.6078417,0.252452526,no,,0.85,,
109,Meishan,31,2,1,193.1413268,221.2806529,198.1739287,0.255934916,no,,0.85,,
110,Leshan,31,2,1,190.8924489,232.5844118,205.6982302,0.258033171,no,,0.85,,
111,Yibin,31,2,1,205.2261869,250.8528278,204.6109964,0.263581596,no,,0.85,,
112,Meishan,32,2,1,193.1413268,221.2806529,198.1739287,0.264926827,no,,0.85,,
113,Chengdu,32,2,1,197.5652461,210.714813,189.4692713,0.26637308,no,,0.85,,
114,Meishan,32,2,1,193.1413268,221.2806529,198.1739287,0.267820523,no,,0.85,,
115,Qingshen,32,2,1,192.6873115,226.6176621,201.1791171,0.270514069,no,,0.85,,
116,Meishan,32,2,1,193.1413268,221.2806529,198.1739287,0.272488257,no,,0.85,,
117,Guangyuan,32,2,1,230.0045593,171.6220839,149.6602749,0.274477549,no,,0.85,,
118,Fengxiang,32,2,1,257.5421318,126.6091468,112.990314,0.276203057,no,,0.85,,
119,Xian,32,2,1,282.732921,131.0543564,88.33164182,0.2762512,no,,0.85,,
120,Kaifeng,33,2,1,370.3112857,119.5431015,0,0.278999512,yes,___,2.4,,
121,Huaiyang,35,3,1,380.961468,142.4956709,25.30309915,0.279748674,no,,0.85,,
122,Fuyang,35,3,1,397.4872082,160.0947097,48.81560908,0.283977806,no,,0.85,,
123,Fengtai,35,3,1,412.7181394,163.14455,60.82291965,0.284407504,no,,0.85,,
124,Huaiyuan,35,3,1,420.5466151,156.8427984,62.56880784,0.286433725,no,,0.85,,
125,Fengyang,35,3,1,426.6951619,158.6546646,68.62110363,0.287672465,no,,0.85,,
126,Dingyuan,35,3,1,429.6622736,165.808563,75.2531242,0.290212198,no,,0.85,,
127,Fengyang,35,3,1,426.6951619,158.6546646,68.62110363,0.29067886,no,,0.85,,
128,Xuyi,35,3,1,449.4296894,118.9386556,79.12071267,0.29157489,no,,0.85,,
129,Huaian,35,3,1,449.4287078,140.1776528,81.76399693,0.294974137,no,,0.85,,
130,Yangzhou,35,3,1,458.691749,166.0964664,99.89155162,0.296730323,no,,0.85,,
131,Zhenjiang,35,3,1,459.3517048,170.6153795,102.6478145,0.297145266,no,,0.85,,
132,Suzhou,35,3,1,480.9142432,187.9033432,130.0236011,0.299684726,no,,0.85,,
133,Yuhang,35,3,1,478.2874696,207.622547,139.3443397,0.301487567,no,,0.85,,
134,Hangzhou,35,3,1,476.0695325,210.9741834,139.8014647,0.302209601,yes,___,2.7,,
135,Yuhang,36,3,1,478.2874696,207.622547,139.3443397,0.303819626,no,,0.85,,
136,Linan,36,3,1,468.7144881,212.6810467,135.4912066,0.30556633,no,,0.85,,
137,Hangzhou,36,3,1,476.0695325,210.9741834,139.8014647,0.307897249,no,,0.85,,
138,Yuhang,36,3,1,478.2874696,207.622547,139.3443397,0.311314343,no,,0.85,,
139,Yanguan,36,3,1,482.5602205,206.4242175,141.9441851,0.311351314,no,,0.85,,
140,Hangzhou,36,3,1,476.0695325,210.9741834,139.8014647,0.314392389,no,,0.85,,
141,Huzhou,36,3,1,473.4634106,197.6590489,129.3926664,0.314988428,no,,0.85,,
142,Jiaxing,36,3,1,485.2194684,199.5819607,140.0361005,0.31517744,no,,0.85,,
143,Hangzhou,36,3,1,476.0695325,210.9741834,139.8014647,0.318165446,no,,0.85,,
144,Fuyang,37,3,1,473.182891,216.2559867,141.1947213,0.318464894,no,,0.85,,
145,Hangzhou,37,3,1,476.0695325,210.9741834,139.8014647,0.320940782,no,,0.85,,
146,Jiande,37,3,1,462.6536529,229.846042,143.8535765,0.328009507,no,,0.85,,
147,Jinhua,37,3,1,469.9873947,237.7866593,154.6507862,0.328527315,no,,0.85,,
148,Hangzhou,37,3,1,476.0695325,210.9741834,139.8014647,0.330929367,no,,0.85,,
149,Linan,37,3,1,468.7144881,212.6810467,135.4912066,0.332559816,no,,0.85,,
150,Hangzhou,37,3,1,476.0695325,210.9741834,139.8014647,0.33481227,no,,0.85,,
151,Linan,37,3,1,468.7144881,212.6810467,135.4912066,0.338966747,no,,0.85,,
152,Hangzhou,37,3,1,476.0695325,210.9741834,139.8014647,0.35032621,no,,0.85,,
153,Linan,37,3,1,468.7144881,212.6810467,135.4912066,0.352232318,no,,0.85,,
154,Yuhang,37,3,1,478.2874696,207.622547,139.3443397,0.352669944,no,,0.85,,
155,Fuyang,37,3,1,473.182891,216.2559867,141.1947213,0.354689091,no,,0.85,,
156,Hangzhou,37,3,1,476.0695325,210.9741834,139.8014647,0.356270448,no,,0.85,,
157,Fuyang,37,3,1,473.182891,216.2559867,141.1947213,0.357963713,no,,0.85,,
158,Hangzhou,37,3,1,476.0695325,210.9741834,139.8014647,0.361005506,no,,0.85,,
159,Yuhang,37,3,1,478.2874696,207.622547,139.3443397,0.36480199,no,,0.85,,
160,Jiaxing,37,3,1,485.2194684,199.5819607,140.0361005,0.36724434,no,,0.85,,
161,Suzhou,37,3,1,480.9142432,187.9033432,130.0236011,0.367932417,no,,0.85,,
162,Wuxi,37,3,1,475.9533703,184.2899363,123.9048129,0.3684168,no,,0.85,,
163,Changzhou,37,3,1,469.4561106,177.9093267,115.0491745,0.375349946,no,,0.85,,
164,Danyang,38,3,1,456.6006073,159.7353739,95.19068122,0.379669264,no,,0.85,,
165,Zhenjiang,38,3,1,459.3517048,170.6153795,102.6478145,0.382545428,no,,0.85,,
166,Danyang,38,3,1,456.6006073,159.7353739,95.19068122,0.390742476,no,,0.85,,
167,Changzhou,38,3,1,469.4561106,177.9093267,115.0491745,0.391571889,no,,0.85,,
168,Yixing,38,3,1,467.9198253,188.4750741,119.4949533,0.393949847,no,,0.85,,
169,Wuxi,38,3,1,475.9533703,184.2899363,123.9048129,0.39484852,no,,0.85,,
170,Suzhou,38,3,1,480.9142432,187.9033432,130.0236011,0.39542013,no,,0.85,,
171,Wujiang,38,3,1,468.8847541,178.4901633,114.8541892,0.396301102,no,,0.85,,
172,Jiaxing,38,3,1,485.2194684,199.5819607,140.0361005,0.397438109,no,,0.85,,
173,Hangzhou,38,3,1,476.0695325,210.9741834,139.8014647,0.407894963,no,,0.85,,
174,Yuhang,38,3,1,478.2874696,207.622547,139.3443397,0.410580765,no,,0.85,,
175,Hangzhou,38,3,1,476.0695325,210.9741834,139.8014647,0.410663488,no,,0.85,,
176,Fuyang,38,3,1,473.182891,216.2559867,141.1947213,0.414480266,no,,0.85,,
177,Linan,38,3,1,468.7144881,212.6810467,135.4912066,0.414609949,no,,0.85,,
178,Hangzhou,38,3,1,476.0695325,210.9741834,139.8014647,0.41471876,no,,0.85,,
179,Linan,38,3,1,468.7144881,212.6810467,135.4912066,0.416021105,no,,0.85,,
180,Fuyang,38,3,1,473.182891,216.2559867,141.1947213,0.417530037,no,,0.85,,
181,Linan,38,3,1,468.7144881,212.6810467,135.4912066,0.418407732,no,,0.85,,
182,Hangzhou,38,3,1,476.0695325,210.9741834,139.8014647,0.418814191,no,,0.85,,
183,Yanguan,38,3,1,482.5602205,206.4242175,141.9441851,0.42140806,no,,0.85,,
184,Hangzhou,38,3,1,476.0695325,210.9741834,139.8014647,0.424717939,no,,0.85,,
185,Huzhou,38,3,1,473.4634106,197.6590489,129.3926664,0.425922181,no,,0.85,,
186,Wujiang,38,3,1,468.8847541,178.4901633,114.8541892,0.428860957,no,,0.85,,
187,Qingpu,38,3,1,490.5300441,190.127676,139.4085078,0.43071591,no,,0.85,,
188,Suzhou,38,3,1,480.9142432,187.9033432,130.0236011,0.43089968,no,,0.85,,
189,Changzhou,38,3,1,469.4561106,177.9093267,115.0491745,0.433917985,no,,0.85,,
190,Zhenjiang,38,3,1,459.3517048,170.6153795,102.6478145,0.440361826,no,,0.85,,
191,Yangzhou,38,3,1,458.691749,166.0964664,99.89155162,0.442269475,no,,0.85,,
192,Gaoyou,38,3,1,458.5788756,157.6609897,96.14645517,0.443393949,no,,0.85,,
193,Huaian,38,3,1,449.4287078,140.1776528,81.76399693,0.444753122,no,,0.85,,
194,Lianyungang,38,3,1,450.7747606,118.1794507,80.47502933,0.446596856,no,,0.85,,
195,Zhucheng,38,3,1,450.7227866,87.12739214,86.69941002,0.446680947,yes,___,2.7,,
196,Weifang,41,3,1,445.2633013,71.78892119,88.87219134,0.447275148,no,,0.85,,
197,Yi,41,3,1,435.3108194,72.51036689,80.23102589,0.448838805,no,,0.85,,
198,Jinan,41,3,1,411.0276571,75.6593029,59.8632666,0.451559777,no,,0.85,,
199,Dongping,41,3,1,403.835261,92.42783527,43.11721911,0.45360289,no,,0.85,,
200,Wenshang,41,3,1,404.4388158,96.89176328,40.96060835,0.454705328,no,,0.85,,
201,Juancheng,41,3,1,389.0120004,101.6391342,25.88954955,0.460050461,no,,0.85,,
202,Puyang,41,3,1,381.0326159,97.68815324,24.34308293,0.460385108,no,,0.85,,
203,Kaifeng,41,3,1,370.3112857,119.5431015,0,0.46817416,no,,0.85,,
204,Shangqiu,41,3,1,392.8082867,126.8164335,23.64352794,0.471205079,no,,0.85,,
205,Suzhou,41,3,1,415.4350122,142.2143226,50.49886098,0.471742659,no,,0.85,,
206,Xuzhou,41,3,1,419.8930362,129.5590715,50.58329406,0.473015333,yes,___,2.7,,
207,Xiao,42,4,2,414.361622,130.393234,45.36692087,0.480897704,no,,0.85,,
208,Xuzhou,42,4,2,419.8930362,129.5590715,50.58329406,0.487064271,no,,0.85,,
209,Xiao,43,5,2,414.361622,130.393234,45.36692087,0.487774524,no,,0.85,,
210,Xuzhou,43,5,2,419.8930362,129.5590715,50.58329406,0.489070934,no,,0.85,,
211,Shangqiu,43,5,2,392.8082867,126.8164335,23.64352794,0.49034223,no,,0.85,,
212,Suzhou,43,5,2,415.4350122,142.2143226,50.49886098,0.490660605,no,,0.85,,
213,Lingbi,43,5,2,425.5027006,143.7367912,60.26132179,0.491846903,no,,0.85,,
214,Xuyi,43,5,2,449.4296894,118.9386556,79.12071267,0.49283883,no,,0.85,,
215,Gaoyou,43,5,2,458.5788756,157.6609897,96.14645517,0.494496123,no,,0.85,,
216,Zhenjiang,43,5,2,459.3517048,170.6153795,102.6478145,0.496031251,no,,0.85,,
217,Wuxi,43,5,2,475.9533703,184.2899363,123.9048129,0.502600073,no,,0.85,,
218,Suzhou,43,5,2,480.9142432,187.9033432,130.0236011,0.507512738,no,,0.85,,
219,Wujiang,43,5,2,468.8847541,178.4901633,114.8541892,0.509506521,no,,0.85,,
220,Huzhou,43,5,2,473.4634106,197.6590489,129.3926664,0.510838821,yes,___,2.7,,
221,Wujiang,43,5,2,468.8847541,178.4901633,114.8541892,0.512245853,no,,0.85,,
222,Zhenjiang,43,5,2,459.3517048,170.6153795,102.6478145,0.512338601,no,,0.85,,
223,Yangzhou,43,5,2,458.691749,166.0964664,99.89155162,0.513657577,no,,0.85,,
224,Suzhou,43,5,2,415.4350122,142.2143226,50.49886098,0.51373353,no,,0.85,,
225,Kaifeng,43,5,2,370.3112857,119.5431015,0,0.51683295,no,,0.85,,
226,Huaiyang,44,5,2,380.961468,142.4956709,25.30309915,0.517319127,no,,0.85,,
227,Runan,44,5,2,377.3933201,144.7592436,26.19177414,0.517635357,no,,0.85,,
228,Xi,44,5,2,380.1449142,173.1181765,54.47007354,0.518190768,no,,0.85,,
229,Guangshan,44,5,2,383.5412758,180.3136477,62.19398624,0.519844815,no,,0.85,,
230,Macheng,44,5,2,385.9707839,198.5282222,80.52247623,0.520154826,no,,0.85,,
231,Huanggang,44,5,2,384.4544463,214.3233008,95.82961532,0.520652691,yes,___,2,,
232,Echeng,44,5,2,384.8328511,215.439781,96.98994281,0.525486409,no,,0.85,,
233,Huanggang,44,5,2,384.4544463,214.3233008,95.82961532,0.525900656,no,,0.85,,
234,Echeng,44,5,2,384.8328511,215.439781,96.98994281,0.52639596,no,,0.85,,
235,Huanggang,44,5,2,384.4544463,214.3233008,95.82961532,0.530695254,no,,0.85,,
236,Echeng,44,5,2,384.8328511,215.439781,96.98994281,0.532338595,no,,0.85,,
237,Huanggang,44,5,2,384.4544463,214.3233008,95.82961532,0.534381968,no,,0.85,,
238,Echeng,44,5,2,384.8328511,215.439781,96.98994281,0.535737051,no,,0.85,,
239,Huanggang,44,5,2,384.4544463,214.3233008,95.82961532,0.536207654,no,,0.85,,
240,Echeng,44,5,2,384.8328511,215.439781,96.98994281,0.536408406,no,,0.85,,
241,Huanggang,44,5,2,384.4544463,214.3233008,95.82961532,0.537333619,no,,0.85,,
242,Macheng,45,5,2,385.9707839,198.5282222,80.52247623,0.543892124,no,,0.85,,
243,Huanggang,45,5,2,384.4544463,214.3233008,95.82961532,0.545811579,no,,0.85,,
244,Echeng,45,5,2,384.8328511,215.439781,96.98994281,0.546018424,no,,0.85,,
245,Huanggang,45,5,2,384.4544463,214.3233008,95.82961532,0.546896515,no,,0.85,,
246,Echeng,45,5,2,384.8328511,215.439781,96.98994281,0.549812438,no,,0.85,,
247,Huanggang,45,5,2,384.4544463,214.3233008,95.82961532,0.553617625,no,,0.85,,
248,Macheng,45,5,2,385.9707839,198.5282222,80.52247623,0.556610255,no,,0.85,,
249,Huanggang,45,5,2,384.4544463,214.3233008,95.82961532,0.561251008,no,,0.85,,
250,Echeng,45,5,2,384.8328511,215.439781,96.98994281,0.561924528,no,,0.85,,
251,Huanggang,45,5,2,384.4544463,214.3233008,95.82961532,0.562625244,no,,0.85,,
252,Echeng,45,5,2,384.8328511,215.439781,96.98994281,0.56334023,no,,0.85,,
253,Huanggang,45,5,2,384.4544463,214.3233008,95.82961532,0.564186056,no,,0.85,,
254,Echeng,46,5,2,384.8328511,215.439781,96.98994281,0.568559243,no,,0.85,,
255,Huanggang,46,5,2,384.4544463,214.3233008,95.82961532,0.57048405,no,,0.85,,
256,Xishui,46,5,2,391.2831794,214.0608325,96.81643348,0.57375045,no,,0.85,,
257,Huanggang,46,5,2,384.4544463,214.3233008,95.82961532,0.573968393,no,,0.85,,
258,Xishui,46,5,2,391.2831794,214.0608325,96.81643348,0.574040515,no,,0.85,,
259,Huanggang,46,5,2,384.4544463,214.3233008,95.82961532,0.576026225,no,,0.85,,
260,Echeng,46,5,2,384.8328511,215.439781,96.98994281,0.576314846,no,,0.85,,
261,Huanggang,46,5,2,384.4544463,214.3233008,95.82961532,0.57731018,no,,0.85,,
262,Macheng,46,5,2,385.9707839,198.5282222,80.52247623,0.577485362,no,,0.85,,
263,Huanggang,46,5,2,384.4544463,214.3233008,95.82961532,0.578645201,no,,0.85,,
264,Echeng,47,6,2,384.8328511,215.439781,96.98994281,0.583982822,no,,0.85,,
265,Huanggang,47,6,2,384.4544463,214.3233008,95.82961532,0.586066678,no,,0.85,,
266,Echeng,47,6,2,384.8328511,215.439781,96.98994281,0.586506022,no,,0.85,,
267,Huanggang,47,6,2,384.4544463,214.3233008,95.82961532,0.586884067,no,,0.85,,
268,Echeng,47,6,2,384.8328511,215.439781,96.98994281,0.591060756,no,,0.85,,
269,Huanggang,47,6,2,384.4544463,214.3233008,95.82961532,0.592257105,no,,0.85,,
270,Echeng,47,6,2,384.8328511,215.439781,96.98994281,0.594795673,no,,0.85,,
271,Huanggang,47,6,2,384.4544463,214.3233008,95.82961532,0.59839605,no,,0.85,,
272,Huangpi,47,6,2,375.3883194,205.4662059,86.07296985,0.598629673,no,,0.85,,
273,Huanggang,47,6,2,384.4544463,214.3233008,95.82961532,0.608462768,no,,0.85,,
274,Hanyang,48,6,3,373.0542301,212.7019595,93.19923047,0.609886568,no,,0.85,,
275,Huanggang,48,6,3,384.4544463,214.3233008,95.82961532,0.611239717,no,,0.85,,
276,Echeng,48,6,3,384.8328511,215.439781,96.98994281,0.612290614,no,,0.85,,
277,Yangxin,48,6,3,374.0175138,212.7620192,93.29256534,0.614813718,no,,0.85,,
278,Daye,48,6,3,371.8282885,211.5167566,91.98616485,0.620780927,no,,0.85,,
279,Ruichang,48,6,3,399.2277296,230.6282386,114.7870568,0.620936463,no,,0.85,,
280,Jiujiang,48,6,3,404.9962861,229.5509702,115.3463498,0.621777799,no,,0.85,,
281,Yongxiu,48,6,3,402.5670684,244.5332881,129.0851745,0.622591527,no,,0.85,,
282,Fengxin,48,6,3,395.8148018,252.2320618,135.1176876,0.622640062,no,,0.85,,
283,Gaoan,48,6,3,395.709955,258.0909411,140.8566514,0.622969494,no,,0.85,,
284,Suichuan,48,6,3,382.5357934,304.0671049,179.3806353,0.624782495,no,,0.85,,
285,Yifeng,48,6,3,385.1261468,259.3771381,140.6166345,0.624995402,no,,0.85,,
286,Gaoan,48,6,3,395.709955,258.0909411,140.8566514,0.627031015,no,,0.85,,
287,Fengxin,48,6,3,395.8148018,252.2320618,135.1176876,0.627127675,no,,0.85,,
288,Xingzi,48,6,3,406.1035713,235.0462866,120.9217659,0.628779958,no,,0.85,,
289,Jiujiang,48,6,3,404.9962861,229.5509702,115.3463498,0.629021811,no,,0.85,,
290,Xingzi,48,6,3,406.1035713,235.0462866,120.9217659,0.630687529,no,,0.85,,
291,Jiujiang,48,6,3,404.9962861,229.5509702,115.3463498,0.634407903,no,,0.85,,
292,Dean,48,6,3,401.2095094,238.3382448,122.747653,0.636351077,no,,0.85,,
293,Jiujiang,48,6,3,404.9962861,229.5509702,115.3463498,0.63670228,no,,0.85,,
294,Hukou,48,6,3,408.8159615,228.4792903,115.540916,0.637307038,no,,0.85,,
295,Pengze,48,6,3,415.6685746,226.053962,115.7663468,0.637815545,no,,0.85,,
296,Guichi,48,6,3,429.2821125,207.0538791,105.5258007,0.637877087,no,,0.85,,
297,Wuhu,48,6,3,444.2633447,190.448698,102.4524799,0.638204437,no,,0.85,,
298,Dangtu,48,6,3,444.8880042,185.6151203,99.63532811,0.640069564,no,,0.85,,
299,Nanjing,48,6,3,449.0220324,174.4227479,95.95393284,0.641084829,no,,0.85,,
300,Liuhe,48,6,3,448.9082051,168.7075659,92.70717503,0.641113915,no,,0.85,,
301,Yizheng,48,6,3,455.1231768,169.1568783,98.25774133,0.641130758,no,,0.85,,
302,Zhenjiang,48,6,3,459.3517048,170.6153795,102.6478145,0.641270051,no,,0.85,,
303,Yizheng,48,6,3,455.1231768,169.1568783,98.25774133,0.642110971,no,,0.85,,
304,Changzhou,48,6,3,469.4561106,177.9093267,115.0491745,0.642130541,no,,0.85,,
305,Yixing,48,6,3,467.9198253,188.4750741,119.4949533,0.648976954,no,,0.85,,
306,Changzhou,48,6,3,469.4561106,177.9093267,115.0491745,0.649415809,no,,0.85,,
307,Yangzhou,48,6,3,458.691749,166.0964664,99.89155162,0.649617302,no,,0.85,,
308,Gaoyou,48,6,3,458.5788756,157.6609897,96.14645517,0.652018359,no,,0.85,,
309,Huaian,48,6,3,449.4287078,140.1776528,81.76399693,0.654187927,no,,0.85,,
310,Xuyi,48,6,3,449.4296894,118.9386556,79.12071267,0.656219017,no,,0.85,,
311,Lingbi,49,6,3,425.5027006,143.7367912,60.26132179,0.656278259,no,,0.85,,
312,Suzhou,49,6,3,415.4350122,142.2143226,50.49886098,0.659322441,no,,0.85,,
313,Shangqiu,49,6,3,392.8082867,126.8164335,23.64352794,0.660453066,no,,0.85,,
314,Lingbi,49,6,3,425.5027006,143.7367912,60.26132179,0.661987174,no,,0.85,,
315,Xuyi,49,6,3,449.4296894,118.9386556,79.12071267,0.664650573,no,,0.85,,
316,Yangzhou,49,6,3,458.691749,166.0964664,99.89155162,0.665854956,no,,0.85,,
317,Yizheng,49,6,3,455.1231768,169.1568783,98.25774133,0.668593758,no,,0.85,,
318,Yangzhou,49,6,3,458.691749,166.0964664,99.89155162,0.670212505,no,,0.85,,
319,Changzhou,49,6,3,469.4561106,177.9093267,115.0491745,0.673986283,no,,0.85,,
320,Zhenjiang,49,6,3,459.3517048,170.6153795,102.6478145,0.67418781,no,,0.85,,
321,Yizheng,49,6,3,455.1231768,169.1568783,98.25774133,0.674239635,no,,0.85,,
322,Zhenjiang,49,6,3,459.3517048,170.6153795,102.6478145,0.674696836,no,,0.85,,
323,Yizheng,49,6,3,455.1231768,169.1568783,98.25774133,0.675262884,no,,0.85,,
324,Changzhou,49,6,3,469.4561106,177.9093267,115.0491745,0.675969168,no,,0.85,,
325,Zhenjiang,49,6,3,459.3517048,170.6153795,102.6478145,0.676300678,no,,0.85,,
326,Yangzhou,49,6,3,458.691749,166.0964664,99.89155162,0.680118421,no,,0.85,,
327,Taizhou,49,6,3,467.1378751,163.8763431,106.4933084,0.680578722,no,,0.85,,
328,Yangzhou,49,6,3,458.691749,166.0964664,99.89155162,0.682343181,no,,0.85,,
329,Huaian,49,6,3,449.4287078,140.1776528,81.76399693,0.682842037,no,,0.85,,
330,Lianshui,49,6,3,454.0922717,129.1617392,84.33132161,0.685250283,no,,0.85,,
331,Lianyungang,49,6,3,450.7747606,118.1794507,80.47502933,0.685407253,no,,0.85,,
332,Ganyu,49,6,3,449.4577321,112.9636268,79.41945275,0.685627555,no,,0.85,,
333,Zhucheng,49,6,3,450.7227866,87.12739214,86.69941002,0.68580614,no,,0.85,,
334,Mi,49,6,3,450.3966936,86.84460008,86.50355232,0.687514084,no,,0.85,,
335,Jiaozhou,49,6,3,460.0236284,80.17739531,97.9691955,0.688697274,no,,0.85,,
336,Penglai,49,6,3,467.6922382,44.8733329,122.7135863,0.689099206,yes,___,2.4,,
337,Laizhou,49,6,3,456.4402454,60.23739357,104.5722942,0.68955452,no,,0.85,,
338,Yi,49,6,3,435.3108194,72.51036689,80.23102589,0.689753352,no,,0.85,,
339,Zhangqiu,49,6,3,419.5323033,73.95618813,67.08856275,0.690666093,no,,0.85,,
340,Jinan,49,6,3,411.0276571,75.6593029,59.8632666,0.692236202,no,,0.85,,
341,Zhangqing,49,6,3,407.3993759,78.44173904,55.36107327,0.693294964,no,,0.85,,
342,Dongping,49,6,3,403.835261,92.42783527,43.11721911,0.69451233,no,,0.85,,
343,Shangqiu,49,6,3,392.8082867,126.8164335,23.64352794,0.694582578,no,,0.85,,
344,Kaifeng,49,6,3,370.3112857,119.5431015,0,0.695127476,yes,正__,3.5,,
345,Huaiyang,53,7,4,380.961468,142.4956709,25.30309915,0.700836951,no,,0.85,,
346,Shangqiu,53,7,4,392.8082867,126.8164335,23.64352794,0.701187106,no,,0.85,,
347,Suzhou,53,7,4,415.4350122,142.2143226,50.49886098,0.704806161,no,,0.85,,
348,Xuyi,53,7,4,449.4296894,118.9386556,79.12071267,0.71025369,no,,0.85,,
349,Huaian,53,7,4,449.4287078,140.1776528,81.76399693,0.71102285,no,,0.85,,
350,Gaoyou,53,7,4,458.5788756,157.6609897,96.14645517,0.711993616,no,,0.85,,
351,Yangzhou,53,7,4,458.691749,166.0964664,99.89155162,0.712167222,no,,0.85,,
352,Zhenjiang,53,7,4,459.3517048,170.6153795,102.6478145,0.719758576,no,,0.85,,
353,Changzhou,53,7,4,469.4561106,177.9093267,115.0491745,0.726847231,no,,0.85,,
354,Wuxi,53,7,4,475.9533703,184.2899363,123.9048129,0.732117931,no,,0.85,,
355,Suzhou,53,7,4,480.9142432,187.9033432,130.0236011,0.735795506,no,,0.85,,
356,Jiaxing,53,7,4,485.2194684,199.5819607,140.0361005,0.735983582,no,,0.85,,
357,Hangzhou,53,7,4,476.0695325,210.9741834,139.8014647,0.737813319,yes,正__,3.5,,
358,Deqing,55,8,5,482.1704498,202.9382648,139.5250009,0.739850238,no,,0.85,,
359,Huzhou,55,8,5,473.4634106,197.6590489,129.3926664,0.743427876,no,,0.85,,
360,Wujiang,55,8,5,468.8847541,178.4901633,114.8541892,0.753823332,no,,0.85,,
361,Suzhou,55,8,5,480.9142432,187.9033432,130.0236011,0.75515724,no,,0.85,,
362,Changzhou,55,8,5,469.4561106,177.9093267,115.0491745,0.756340476,no,,0.85,,
363,Zhenjiang,55,8,5,459.3517048,170.6153795,102.6478145,0.757171701,no,,0.85,,
364,Yangzhou,55,8,5,458.691749,166.0964664,99.89155162,0.75736331,yes,正__,3.5,,
365,Shangqiu,55,8,5,392.8082867,126.8164335,23.64352794,0.762369649,no,,0.85,,
366,Kaifeng,55,8,5,370.3112857,119.5431015,0,0.770007303,no,,0.85,,
367,Huaiyang,55,8,5,380.961468,142.4956709,25.30309915,0.770136559,no,,0.85,,
368,Jieshou,55,8,5,389.9649769,153.359188,39.11259754,0.778517726,no,,0.85,,
369,Fuyang,55,8,5,397.4872082,160.0947097,48.81560908,0.778842495,yes,正__,3.5,,
370,Fengtai,56,8,6,412.7181394,163.14455,60.82291965,0.783519344,no,,0.85,,
371,Fengyang,56,8,6,426.6951619,158.6546646,68.62110363,0.784205524,no,,0.85,,
372,Xuyi,56,8,6,449.4296894,118.9386556,79.12071267,0.784764399,no,,0.85,,
373,Huaian,56,8,6,449.4287078,140.1776528,81.76399693,0.786480309,no,,0.85,,
374,Yangzhou,56,8,6,458.691749,166.0964664,99.89155162,0.78781138,no,,0.85,,
375,Yixing,56,8,6,467.9198253,188.4750741,119.4949533,0.790231566,no,,0.85,,
376,Xuyi,56,8,6,449.4296894,118.9386556,79.12071267,0.791572218,no,,0.85,,
377,Suzhou,56,8,6,415.4350122,142.2143226,50.49886098,0.792237928,no,,0.85,,
378,Shangqiu,56,8,6,392.8082867,126.8164335,23.64352794,0.793841688,no,,0.85,,
379,Kaifeng,56,8,6,370.3112857,119.5431015,0,0.793892566,no,,0.85,,
380,Qi,57,8,6,358.6649896,128.2718973,14.55431506,0.799431674,no,,0.85,,
381,Kaifeng,57,8,6,370.3112857,119.5431015,0,0.802010129,no,,0.85,,
382,Zhengzhou,57,8,6,359.2987477,121.0485049,11.11495535,0.803367125,no,,0.85,,
383,Kaifeng,57,8,6,370.3112857,119.5431015,0,0.805048762,no,,0.85,,
384,Fengqiu,57,8,6,371.9667939,114.0355049,5.75102848,0.808985825,no,,0.85,,
385,Huixian,57,8,6,361.581632,105.1857924,16.80295144,0.815895567,no,,0.85,,
386,Anyang,57,8,6,370.3816841,90.68166865,28.86151874,0.816444538,no,,0.85,,
387,Zhengding,57,8,6,371.0528435,45.23723867,74.30956307,0.817266817,no,,0.85,,
388,Dingzhou,57,8,6,378.136536,37.83664997,82.08031902,0.81842363,yes,正__,3.5,,
389,Zhengding,58,8,6,371.0528435,45.23723867,74.30956307,0.822005714,no,,0.85,,
390,Lincheng,58,8,6,370.6416984,60.7960046,58.7480261,0.823691569,no,,0.85,,
391,Neiqiu,58,8,6,371.09641,64.23689963,55.31177441,0.824253181,no,,0.85,,
392,Xingtai,58,8,6,371.1366542,69.16501783,50.38484445,0.826189354,no,,0.85,,
393,Tangyin,58,8,6,369.9727645,94.67821319,24.86719261,0.827282391,no,,0.85,,
394,Hua,58,8,6,373.0054747,102.1737432,17.57706636,0.82923188,no,,0.85,,
395,Kaifeng,58,8,6,370.3112857,119.5431015,0,0.829718627,no,,0.85,,
396,Sui,58,8,6,383.1787991,126.6312685,14.69064369,0.830300812,no,,0.85,,
397,Linru,58,8,6,342.9010195,132.4353486,30.29080265,0.830879218,no,,0.85,,
398,Kaifeng,58,8,6,370.3112857,119.5431015,0,0.83453076,no,,0.85,,
399,Qi,58,8,6,358.6649896,128.2718973,14.55431506,0.836281105,no,,0.85,,
400,Ningling,58,8,6,387.0019237,126.2129853,17.97400205,0.838061875,no,,0.85,,
401,Shangqiu,58,8,6,392.8082867,126.8164335,23.64352794,0.838373991,no,,0.85,,
402,Suzhou,58,8,6,415.4350122,142.2143226,50.49886098,0.838504745,no,,0.85,,
403,Xuyi,58,8,6,449.4296894,118.9386556,79.12071267,0.839178393,no,,0.85,,
404,Huaian,58,8,6,449.4287078,140.1776528,81.76399693,0.839552761,no,,0.85,,
405,Gaoyou,58,8,6,458.5788756,157.6609897,96.14645517,0.840729871,no,,0.85,,
406,Yangzhou,58,8,6,458.691749,166.0964664,99.89155162,0.844429195,no,,0.85,,
407,Zhenjiang,58,8,6,459.3517048,170.6153795,102.6478145,0.845271867,no,,0.85,,
408,Yizheng,58,8,6,455.1231768,169.1568783,98.25774133,0.845921975,no,,0.85,,
409,Liuhe,58,8,6,448.9082051,168.7075659,92.70717503,0.849104086,no,,0.85,,
410,Nanjing,58,8,6,449.0220324,174.4227479,95.95393284,0.849429066,no,,0.85,,
411,Dangtu,58,8,6,444.8880042,185.6151203,99.63532811,0.849830788,no,,0.85,,
412,Pengze,58,8,6,415.6685746,226.053962,115.7663468,0.851148734,no,,0.85,,
413,Hukou,58,8,6,408.8159615,228.4792903,115.540916,0.858764959,no,,0.85,,
414,Jiujiang,58,8,6,404.9962861,229.5509702,115.3463498,0.861308858,no,,0.85,,
415,Douchang,58,8,6,409.1593982,238.6597524,125.2914697,0.863042324,no,,0.85,,
416,Nanchang,58,8,6,405.605506,254.726768,139.7150875,0.864399063,no,,0.85,,
417,Nanchang,58,8,6,403.8922695,251.8542404,136.5061169,0.870086977,no,,0.85,,
418,Jian,58,8,6,390.4095711,286.6410702,168.3023239,0.873072306,no,,0.85,,
419,Wanan,58,8,6,397.2583025,303.2002107,180.0547734,0.87729822,no,,0.85,,
420,Ganzhou,58,8,6,390.7371606,314.3394519,189.9883969,0.878237011,no,,0.85,,
421,Shangyou,58,8,6,383.5355555,315.512855,190.5229781,0.879341877,no,,0.85,,
422,Dayu,58,8,6,380.5980916,323.1645611,197.7647009,0.884615845,no,,0.85,,
423,Nanxiong,58,8,6,380.0065296,330.1878758,204.5417421,0.886179639,no,,0.85,,
424,Shixing,58,8,6,375.7109212,334.0244132,208.1127916,0.886672478,no,,0.85,,
425,Shaoguan,58,8,6,367.0125461,337.3117528,211.2598253,0.88695817,no,,0.85,,
426,Yingde,58,8,6,364.1695785,350.7540775,214.2578382,0.888327267,no,,0.85,,
427,Qingyuan,58,8,6,357.699766,361.6591879,224.5882985,0.892182238,no,,0.85,,
428,Guangzhou,58,8,6,362.0555468,373.279732,235.1733101,0.892361509,no,,0.85,,
429,Boluo,58,8,6,381.541436,371.5976351,233.7223533,0.89472876,no,,0.85,,
430,Huizhou,58,8,6,383.9390306,372.7938242,234.9382199,0.895296908,yes,___,2,,
431,Boluo,59,8,6,381.541436,371.5976351,233.7223533,0.897885421,no,,0.85,,
432,Huizhou,59,8,6,383.9390306,372.7938242,234.9382199,0.899389613,no,,0.85,,
433,Boluo,59,8,6,381.541436,371.5976351,233.7223533,0.899616521,no,,0.85,,
434,Huizhou,59,8,6,383.9390306,372.7938242,234.9382199,0.902114941,no,,0.85,,
435,Guangzhou,61,8,6,362.0555468,373.279732,235.1733101,0.902410832,no,,0.85,,
436,Xinhui,61,8,6,362.4599409,381.5957977,242.861445,0.902425335,no,,0.85,,
437,Wuzhou,61,8,6,324.2870728,366.851097,233.0271544,0.902606729,no,,0.85,,
438,Teng,61,8,6,317.4319282,369.0417731,236.2570521,0.903364321,no,,0.85,,
439,Rong,61,8,6,202.1836156,235.6577998,198.1972225,0.903470436,no,,0.85,,
440,Gaozhou,61,8,6,307.1026919,413.6256387,268.4327704,0.90408749,no,,0.85,,
441,Leizhou,61,8,6,301.9690776,421.1979648,276.019066,0.906485794,no,,0.85,,
442,Xuwen,61,8,6,303.5536294,433.60141,286.5273997,0.906757324,no,,0.85,,
443,Qiongshan,61,8,6,307.0844499,440.3253669,291.7737174,0.908000179,yes,正__,1.7,,
444,Danzhou,61,8,6,288.4677048,449.4960596,303.3731175,0.913862417,no,,0.85,,
445,Haikou,62,8,6,304.0500133,439.5427231,291.625498,0.913914319,no,,0.85,,
446,Danzhou,62,8,6,288.4677048,449.4960596,303.3731175,0.914928819,no,,0.85,,
447,Lingshui,64,8,6,300.665939,471.2960492,306,0.916639786,no,,0.85,,
448,Danzhou,64,8,6,288.4677048,449.4960596,303.3731175,0.919055158,no,,0.85,,
449,Chengmai,64,8,6,299.9269611,446.963501,298.8648415,0.920197016,no,,0.85,,
450,Qiongshan,64,8,6,307.0844499,440.3253669,291.7737174,0.923350141,no,,0.85,,
451,Xuwen,64,8,6,303.5536294,433.60141,286.5273997,0.925572539,no,,0.85,,
452,Leizhou,64,8,6,301.9690776,421.1979648,276.019066,0.926175449,no,,0.85,,
453,Suixi,64,8,6,304.9444748,411.4420058,266.9421701,0.926196041,no,,0.85,,
454,Lianjiang,64,8,6,305.6460208,406.5569054,262.5514813,0.926794177,no,,0.85,,
455,Hepu,64,8,6,284.8102713,405.4057092,266.2701689,0.927167364,no,,0.85,,
456,Bobai,64,8,6,292.5558435,374.7354941,247.1273084,0.92929698,no,,0.85,,
457,Yulin,64,8,6,303.577445,384.4744206,253.0852103,0.93014775,no,,0.85,,
458,Rong,64,8,6,202.1836156,235.6577998,198.1972225,0.932389145,no,,0.85,,
459,Teng,64,8,6,317.4319282,369.0417731,236.2570521,0.933124929,no,,0.85,,
460,Wuzhou,64,8,6,324.2870728,366.851097,233.0271544,0.93329611,no,,0.85,,
461,Deqing,64,8,6,333.9751442,373.7275659,237.8574901,0.93504494,no,,0.85,,
462,Guangzhou,64,8,6,362.0555468,373.279732,235.1733101,0.939344188,no,,0.85,,
463,Qingyuan,64,8,6,357.699766,361.6591879,224.5882985,0.93942411,no,,0.85,,
464,Yingde,64,8,6,364.1695785,350.7540775,214.2578382,0.94619311,no,,0.85,,
465,Shaoguan,64,8,6,367.0125461,337.3117528,211.2598253,0.952066083,no,,0.85,,
466,Nanxiong,65,8,6,380.0065296,330.1878758,204.5417421,0.953284363,no,,0.85,,
467,Dayu,65,8,6,380.5980916,323.1645611,197.7647009,0.955664428,no,,0.85,,
468,Nankang,65,8,6,387.8665246,318.1444157,193.3944258,0.956164352,no,,0.85,,
469,Ganzhou,65,8,6,390.7371606,314.3394519,189.9883969,0.956694528,no,,0.85,,
470,Ruijin,65,8,6,409.8465009,311.4070025,190.0179983,0.957360737,no,,0.85,,
471,Ganzhou,65,8,6,390.7371606,314.3394519,189.9883969,0.957793079,no,,0.85,,
472,Jian,65,8,6,390.4095711,286.6410702,168.3023239,0.96547892,no,,0.85,,
473,Xingan,65,8,6,396.8714963,272.6846103,155.427689,0.966506184,no,,0.85,,
474,Nanchang,65,8,6,403.8922695,251.8542404,136.5061169,0.966898713,no,,0.85,,
475,Nanchang,65,8,6,405.605506,254.726768,139.7150875,0.968598366,no,,0.85,,
476,Xingzi,65,8,6,406.1035713,235.0462866,120.9217659,0.970032893,no,,0.85,,
477,Jiujiang,65,8,6,404.9962861,229.5509702,115.3463498,0.971238335,no,,0.85,,
478,Hukou,65,8,6,408.8159615,228.4792903,115.540916,0.971329437,no,,0.85,,
479,Tongling,65,8,6,434.3801393,200.2191482,103.0215633,0.972140479,no,,0.85,,
480,Wuhu,65,8,6,444.2633447,190.448698,102.4524799,0.974950482,no,,0.85,,
481,Dangtu,65,8,6,444.8880042,185.6151203,99.63532811,0.982663905,no,,0.85,,
482,Nanjing,65,8,6,449.0220324,174.4227479,95.95393284,0.986087279,no,,0.85,,
483,Yizheng,65,8,6,455.1231768,169.1568783,98.25774133,0.987816841,no,,0.85,,
484,Zhenjiang,65,8,6,459.3517048,170.6153795,102.6478145,0.99013702,no,,0.85,,
485,Yizheng,65,8,6,455.1231768,169.1568783,98.25774133,0.991040355,no,,0.85,,
486,Zhenjiang,65,8,6,459.3517048,170.6153795,102.6478145,0.997548613,no,,0.85,,
487,Changzhou,65,8,6,469.4561106,177.9093267,115.0491745,0.999641583,no,,0.85,,